{"_runtime":15,"loss":0.2959892153739929,"step":199,"_timestamp":1.770830967755414e+09,"_step":219,"score":0.982421875,"_wandb":{"runtime":15}}