{"loss":15.150851249694824,"score":0.244140625,"_wandb":{"runtime":1512},"_runtime":1512,"step":0,"_timestamp":1.770735528601332e+09,"_step":1}