{"loss":0.01816725730895996,"step":99,"_timestamp":1.770690869779777e+09,"_step":101,"score":0.9921875,"_wandb":{"runtime":114},"_runtime":114}