{"_timestamp":1.77073443772258e+09,"_step":1,"score":0.244140625,"_wandb":{"runtime":195},"_runtime":195,"loss":15.150851249694824,"step":0}