{"_step":1,"loss":15.150851249694824,"step":0,"_timestamp":1.770734693716253e+09,"score":0.244140625,"_wandb":{"runtime":59},"_runtime":59}