{"_runtime":51,"_step":54,"loss":2.5446767807006836,"step":49,"_timestamp":1.7713100761487591e+09,"score":0,"_wandb":{"runtime":51}}