{"_step":1,"score":0.244140625,"_wandb":{"runtime":362},"_runtime":362,"loss":15.150851249694824,"step":0,"_timestamp":1.770735162466363e+09}