{"_wandb":{"runtime":152},"_runtime":152,"_step":1,"loss":15.150851249694824,"step":0,"_timestamp":1.770733727594605e+09,"score":0.244140625}