{"_step":101,"loss":10.453961372375488,"step":99,"score":0.427734375,"_wandb":{"runtime":321},"_runtime":321,"_timestamp":1.7706914186486468e+09}