{"step":0,"_timestamp":1.7707341709096088e+09,"_step":1,"loss":15.150851249694824,"score":0.244140625,"_wandb":{"runtime":184},"_runtime":184}