{"step":0,"score":0.244140625,"_wandb":{"runtime":44},"_runtime":44,"_timestamp":1.770734754711401e+09,"_step":1,"loss":15.150851249694824}