{"loss":15.150851249694824,"step":0,"_timestamp":1.770734635279436e+09,"_step":1,"score":0.244140625,"_runtime":56,"_wandb":{"runtime":56}}