{"loss":0.04052549600601196,"step":99,"_timestamp":1.7706907020661151e+09,"score":0.998046875,"_wandb":{"runtime":151},"_runtime":151,"_step":101}