{"_timestamp":1.771310118266072e+09,"_step":54,"score":0,"_wandb":{"runtime":38},"_runtime":38,"loss":3.042524576187134,"step":49}