{"_wandb":{"runtime":173},"_runtime":173,"loss":11.063923835754395,"step":199,"_timestamp":1.770830829502159e+09,"_step":219,"score":0.4462890625}