{"_runtime":773,"step":199,"_timestamp":1.771308546570154e+09,"_step":219,"loss":15.7274751663208,"score":0.31386861313868614,"_wandb":{"runtime":773}}