{"_wandb":{"runtime":42},"_runtime":42,"_timestamp":1.770735118411476e+09,"_step":1,"loss":15.150851249694824,"step":0,"score":0.244140625}