{"_timestamp":1.770733879709793e+09,"score":0.244140625,"_wandb":{"runtime":217},"_runtime":217,"_step":1,"loss":15.150851249694824,"step":0}