{"_timestamp":1.770734099072784e+09,"score":0.244140625,"_wandb":{"runtime":68},"_runtime":68,"_step":1,"loss":15.150851249694824,"step":0}