{"_timestamp":1.770734802804767e+09,"_step":1,"score":0.244140625,"_runtime":267,"_wandb":{"runtime":267},"loss":15.150851249694824,"step":0}