{"loss":11.033187866210938,"score":0.082275390625,"_wandb":{"runtime":2541},"_runtime":2541,"step":199,"_timestamp":1.770833833246975e+09,"_step":219}