{"score":0.130126953125,"_wandb":{"runtime":3082},"_runtime":3082,"_step":219,"loss":16.31501579284668,"step":199,"_timestamp":1.7708364463950348e+09}