{"_step":101,"score":0.5205078125,"_wandb":{"runtime":330},"_runtime":330,"loss":8.716436386108398,"step":99,"_timestamp":1.770691197152344e+09}