{"loss":11.537617683410645,"score":0.419921875,"_wandb":{"runtime":69},"_runtime":69,"step":199,"_timestamp":1.770830757501589e+09,"_step":219}