{"_step":109,"loss":16.103717803955078,"step":99,"_timestamp":1.770830561501874e+09,"score":0.466796875,"_wandb":{"runtime":160},"_runtime":160}